{"cameraMode":{"drawMode":0,"name":"Shaded","section":"Shading Mode"},"sceneLighting":true,"audioPlay":false,"sceneViewState":{"showFog":true,"showMaterialUpdate":false,"showSkybox":true,"showFlares":true,"showImageEffects":true,"showParticleSystems":true,"showVisualEffectGraphs":true,"m_FxEnabled":true},"in2DMode":false,"pivot":{"x":-0.057689305394887927,"y":3.9020748138427736,"z":1.4275096654891968},"rotation":{"x":0.03169318661093712,"y":-0.7347584962844849,"z":0.6767297387123108,"w":0.03440205752849579},"size":22.228689193725587,"orthographic":false}